[
    {
        "title": "Effect of thermal and non-thermal processes on the variability of ocean surface pCO2 and buffering capacity in the North Indian Ocean. Progress in Oceanography, (Accepted)",
        "author": "Peter, R., Kuttippurath, J., Sunanda, N., and Chakraborty, K. (2025)",
        "link": "https://example.com/quantum-paper"
    },
    {
        "title": "Rapid Intensification of the Super Cyclone Amphan: environmental drivers and its future projections. Tropical Cyclone Research and Review, (Accepted)",
        "author": "Akhila, R.S., Kuttippurath, J., Chakraborty, A., Sunanda, N., and Peter, R. (2025)",
        "link": "https://example.com/ai-healthcare"
    },
    {
        "title": "An atmosphere–ocean coupled model for simulating physical and biogeochemical state of north Indian Ocean: Customisation and validation. Ocean Modelling, 191, 102419. doi: [10.1016/j.ocemod.2024.102419] (https://doi.org/10.1016/j.ocemod.2024.102419)",
        "author": "Sunanda, N., Kuttippurath, J., Peter, R., & Chakraborty, A. (2024)",
        "link": "https://example.com/astrophysics-paper"
    },
    {
        "title": "Tropical Cyclone-driven rainfall in the northeast Indian Ocean and adjoining land regions during the period 2000–2020. Journal of Hydrology, 130610. doi: https://doi.org/10.1016/j.jhydrol.2024.130610",
        "author": "Krishnaja, P. B., Akhila, R. S., Kuttippurath, J., & Sunanda, N. (2024)",
        "link": "https://example.com/ai-healthcare"
    }
]
  